[{"model": "admin.logentry", "pk": 1, "fields": {"action_time": "2023-09-12T10:42:35.223Z", "user": 1, "content_type": 7, "object_id": "1", "object_repr": "Birthday", "action_flag": 1, "change_message": "[{\"added\": {}}]"}}, {"model": "admin.logentry", "pk": 2, "fields": {"action_time": "2023-09-12T10:59:18.881Z", "user": 1, "content_type": 8, "object_id": "1", "object_repr": "Vanila Cake", "action_flag": 1, "change_message": "[{\"added\": {}}]"}}, {"model": "admin.logentry", "pk": 3, "fields": {"action_time": "2023-09-12T11:00:51.586Z", "user": 1, "content_type": 8, "object_id": "2", "object_repr": "Ice Vanila Cake", "action_flag": 1, "change_message": "[{\"added\": {}}]"}}, {"model": "admin.logentry", "pk": 4, "fields": {"action_time": "2023-09-12T14:07:28.982Z", "user": 1, "content_type": 7, "object_id": "2", "object_repr": "NewYear", "action_flag": 1, "change_message": "[{\"added\": {}}]"}}, {"model": "admin.logentry", "pk": 5, "fields": {"action_time": "2023-09-12T14:08:08.087Z", "user": 1, "content_type": 7, "object_id": "3", "object_repr": "WeddingDay", "action_flag": 1, "change_message": "[{\"added\": {}}]"}}, {"model": "admin.logentry", "pk": 6, "fields": {"action_time": "2023-09-12T14:08:08.351Z", "user": 1, "content_type": 7, "object_id": "4", "object_repr": "WeddingDay", "action_flag": 1, "change_message": "[{\"added\": {}}]"}}, {"model": "admin.logentry", "pk": 7, "fields": {"action_time": "2023-09-12T14:08:27.616Z", "user": 1, "content_type": 7, "object_id": "4", "object_repr": "WeddingDay", "action_flag": 3, "change_message": ""}}, {"model": "admin.logentry", "pk": 8, "fields": {"action_time": "2023-09-12T14:10:15.380Z", "user": 1, "content_type": 8, "object_id": "3", "object_repr": "Cream Pie with Vanila", "action_flag": 1, "change_message": "[{\"added\": {}}]"}}, {"model": "admin.logentry", "pk": 9, "fields": {"action_time": "2023-09-12T14:11:12.657Z", "user": 1, "content_type": 8, "object_id": "4", "object_repr": "Chocolate Cake", "action_flag": 1, "change_message": "[{\"added\": {}}]"}}, {"model": "admin.logentry", "pk": 10, "fields": {"action_time": "2023-09-12T14:13:20.415Z", "user": 1, "content_type": 8, "object_id": "5", "object_repr": "Strawberry Cakes", "action_flag": 1, "change_message": "[{\"added\": {}}]"}}, {"model": "admin.logentry", "pk": 11, "fields": {"action_time": "2023-09-12T14:14:32.469Z", "user": 1, "content_type": 8, "object_id": "6", "object_repr": "Party cakes", "action_flag": 1, "change_message": "[{\"added\": {}}]"}}, {"model": "admin.logentry", "pk": 12, "fields": {"action_time": "2023-09-12T14:15:31.760Z", "user": 1, "content_type": 8, "object_id": "7", "object_repr": "Choco Buliding cake", "action_flag": 1, "change_message": "[{\"added\": {}}]"}}, {"model": "admin.logentry", "pk": 13, "fields": {"action_time": "2023-09-12T14:17:24.429Z", "user": 1, "content_type": 8, "object_id": "8", "object_repr": "Rainbow Buliding Cakes", "action_flag": 1, "change_message": "[{\"added\": {}}]"}}, {"model": "admin.logentry", "pk": 14, "fields": {"action_time": "2023-09-12T14:18:52.700Z", "user": 1, "content_type": 8, "object_id": "9", "object_repr": "choco nuts cakes", "action_flag": 1, "change_message": "[{\"added\": {}}]"}}, {"model": "admin.logentry", "pk": 15, "fields": {"action_time": "2023-09-12T14:20:35.174Z", "user": 1, "content_type": 8, "object_id": "10", "object_repr": "Angle  vanila cake", "action_flag": 1, "change_message": "[{\"added\": {}}]"}}, {"model": "admin.logentry", "pk": 16, "fields": {"action_time": "2023-09-12T14:21:46.415Z", "user": 1, "content_type": 8, "object_id": "11", "object_repr": "choco candle cake", "action_flag": 1, "change_message": "[{\"added\": {}}]"}}, {"model": "admin.logentry", "pk": 17, "fields": {"action_time": "2023-09-12T14:23:08.817Z", "user": 1, "content_type": 8, "object_id": "12", "object_repr": "Rainfalls Cake", "action_flag": 1, "change_message": "[{\"added\": {}}]"}}, {"model": "admin.logentry", "pk": 18, "fields": {"action_time": "2023-09-12T14:24:01.869Z", "user": 1, "content_type": 8, "object_id": "13", "object_repr": "choco pie cake", "action_flag": 1, "change_message": "[{\"added\": {}}]"}}, {"model": "admin.logentry", "pk": 19, "fields": {"action_time": "2023-09-12T14:25:26.237Z", "user": 1, "content_type": 8, "object_id": "14", "object_repr": "choco sprikle buliding cake", "action_flag": 1, "change_message": "[{\"added\": {}}]"}}, {"model": "admin.logentry", "pk": 20, "fields": {"action_time": "2023-09-12T14:26:38.820Z", "user": 1, "content_type": 8, "object_id": "15", "object_repr": "Cup cake", "action_flag": 1, "change_message": "[{\"added\": {}}]"}}, {"model": "admin.logentry", "pk": 21, "fields": {"action_time": "2023-09-12T14:27:39.336Z", "user": 1, "content_type": 8, "object_id": "16", "object_repr": "Cherry Cake", "action_flag": 1, "change_message": "[{\"added\": {}}]"}}, {"model": "admin.logentry", "pk": 22, "fields": {"action_time": "2023-09-12T14:28:52.777Z", "user": 1, "content_type": 8, "object_id": "17", "object_repr": "Biscuite cake", "action_flag": 1, "change_message": "[{\"added\": {}}]"}}, {"model": "admin.logentry", "pk": 23, "fields": {"action_time": "2023-09-12T14:30:14.013Z", "user": 1, "content_type": 8, "object_id": "18", "object_repr": "Plum Cream Cake", "action_flag": 1, "change_message": "[{\"added\": {}}]"}}, {"model": "admin.logentry", "pk": 24, "fields": {"action_time": "2023-09-12T14:31:38.580Z", "user": 1, "content_type": 8, "object_id": "19", "object_repr": "Mango vanila Cake", "action_flag": 1, "change_message": "[{\"added\": {}}]"}}, {"model": "admin.logentry", "pk": 25, "fields": {"action_time": "2023-09-12T14:32:38.524Z", "user": 1, "content_type": 8, "object_id": "20", "object_repr": "Comnbo Cakes", "action_flag": 1, "change_message": "[{\"added\": {}}]"}}, {"model": "admin.logentry", "pk": 26, "fields": {"action_time": "2023-09-12T14:33:45.871Z", "user": 1, "content_type": 8, "object_id": "21", "object_repr": "Ice Cake", "action_flag": 1, "change_message": "[{\"added\": {}}]"}}, {"model": "admin.logentry", "pk": 27, "fields": {"action_time": "2023-09-15T07:18:43.506Z", "user": 1, "content_type": 8, "object_id": "22", "object_repr": "Piece of Strawberry Cake", "action_flag": 1, "change_message": "[{\"added\": {}}]"}}, {"model": "admin.logentry", "pk": 28, "fields": {"action_time": "2023-09-15T07:54:49.201Z", "user": 1, "content_type": 7, "object_id": "3", "object_repr": "WeddingDay", "action_flag": 2, "change_message": "[{\"changed\": {\"fields\": [\"Image\"]}}]"}}, {"model": "admin.logentry", "pk": 29, "fields": {"action_time": "2023-09-15T07:55:03.449Z", "user": 1, "content_type": 7, "object_id": "2", "object_repr": "NewYear", "action_flag": 2, "change_message": "[{\"changed\": {\"fields\": [\"Image\"]}}]"}}, {"model": "admin.logentry", "pk": 30, "fields": {"action_time": "2023-09-15T08:51:13.697Z", "user": 1, "content_type": 7, "object_id": "1", "object_repr": "Birthday", "action_flag": 2, "change_message": "[{\"changed\": {\"fields\": [\"Description\"]}}]"}}, {"model": "admin.logentry", "pk": 31, "fields": {"action_time": "2023-09-15T09:30:02.935Z", "user": 1, "content_type": 7, "object_id": "2", "object_repr": "Newyear", "action_flag": 2, "change_message": "[{\"changed\": {\"fields\": [\"Name\"]}}]"}}, {"model": "admin.logentry", "pk": 32, "fields": {"action_time": "2023-09-15T10:02:47.337Z", "user": 1, "content_type": 8, "object_id": "21", "object_repr": "Ice _Cake", "action_flag": 2, "change_message": "[{\"changed\": {\"fields\": [\"Product name\"]}}]"}}, {"model": "admin.logentry", "pk": 33, "fields": {"action_time": "2023-09-15T12:12:00.858Z", "user": 1, "content_type": 8, "object_id": "21", "object_repr": "Ice _Cake", "action_flag": 2, "change_message": "[{\"changed\": {\"fields\": [\"Quantity\"]}}]"}}, {"model": "admin.logentry", "pk": 34, "fields": {"action_time": "2023-09-16T10:29:02.239Z", "user": 1, "content_type": 4, "object_id": "3", "object_repr": "VIGNESH", "action_flag": 3, "change_message": ""}}, {"model": "admin.logentry", "pk": 35, "fields": {"action_time": "2023-09-16T11:32:56.317Z", "user": 1, "content_type": 4, "object_id": "2", "object_repr": "VIJAY", "action_flag": 2, "change_message": "[{\"changed\": {\"fields\": [\"Staff status\", \"Superuser status\"]}}]"}}, {"model": "admin.logentry", "pk": 36, "fields": {"action_time": "2023-09-18T12:19:20.589Z", "user": 2, "content_type": 7, "object_id": "2", "object_repr": "Newyear", "action_flag": 2, "change_message": "[{\"changed\": {\"fields\": [\"Image\"]}}]"}}, {"model": "admin.logentry", "pk": 37, "fields": {"action_time": "2023-09-18T12:23:24.065Z", "user": 2, "content_type": 8, "object_id": "5", "object_repr": "Strawberry Cakes", "action_flag": 3, "change_message": ""}}, {"model": "admin.logentry", "pk": 38, "fields": {"action_time": "2023-09-18T12:25:01.423Z", "user": 2, "content_type": 8, "object_id": "23", "object_repr": "Strawberry Cakes", "action_flag": 1, "change_message": "[{\"added\": {}}]"}}, {"model": "admin.logentry", "pk": 39, "fields": {"action_time": "2023-09-18T13:02:14.500Z", "user": 2, "content_type": 7, "object_id": "3", "object_repr": "WeddingDay", "action_flag": 3, "change_message": ""}}, {"model": "admin.logentry", "pk": 40, "fields": {"action_time": "2023-09-18T13:02:15.077Z", "user": 2, "content_type": 7, "object_id": "2", "object_repr": "Newyear", "action_flag": 3, "change_message": ""}}, {"model": "admin.logentry", "pk": 41, "fields": {"action_time": "2023-09-18T13:02:15.173Z", "user": 2, "content_type": 7, "object_id": "1", "object_repr": "Birthday", "action_flag": 3, "change_message": ""}}, {"model": "admin.logentry", "pk": 42, "fields": {"action_time": "2023-09-18T13:07:58.552Z", "user": 2, "content_type": 7, "object_id": "5", "object_repr": "BIRTHDAY", "action_flag": 1, "change_message": "[{\"added\": {}}]"}}, {"model": "admin.logentry", "pk": 43, "fields": {"action_time": "2023-09-18T13:08:50.112Z", "user": 2, "content_type": 7, "object_id": "6", "object_repr": "WEDDINGDAY", "action_flag": 1, "change_message": "[{\"added\": {}}]"}}, {"model": "admin.logentry", "pk": 44, "fields": {"action_time": "2023-09-18T13:11:44.906Z", "user": 2, "content_type": 7, "object_id": "7", "object_repr": "NEWYEAR", "action_flag": 1, "change_message": "[{\"added\": {}}]"}}, {"model": "admin.logentry", "pk": 45, "fields": {"action_time": "2023-09-18T13:15:09.909Z", "user": 2, "content_type": 7, "object_id": "8", "object_repr": "DIWALI", "action_flag": 1, "change_message": "[{\"added\": {}}]"}}, {"model": "admin.logentry", "pk": 46, "fields": {"action_time": "2023-09-18T13:24:19.378Z", "user": 2, "content_type": 8, "object_id": "24", "object_repr": "Vanilla Cake", "action_flag": 1, "change_message": "[{\"added\": {}}]"}}, {"model": "admin.logentry", "pk": 47, "fields": {"action_time": "2023-09-18T13:25:17.943Z", "user": 2, "content_type": 8, "object_id": "25", "object_repr": "Chocolate Cake", "action_flag": 1, "change_message": "[{\"added\": {}}]"}}, {"model": "admin.logentry", "pk": 48, "fields": {"action_time": "2023-09-18T13:26:58.838Z", "user": 2, "content_type": 8, "object_id": "26", "object_repr": "Vanilla Building Cake", "action_flag": 1, "change_message": "[{\"added\": {}}]"}}, {"model": "admin.logentry", "pk": 49, "fields": {"action_time": "2023-09-18T13:28:52.120Z", "user": 2, "content_type": 8, "object_id": "27", "object_repr": "Vanilla Dress Cake", "action_flag": 1, "change_message": "[{\"added\": {}}]"}}, {"model": "admin.logentry", "pk": 50, "fields": {"action_time": "2023-09-18T13:30:04.148Z", "user": 2, "content_type": 8, "object_id": "28", "object_repr": "Choco Cup Cake", "action_flag": 1, "change_message": "[{\"added\": {}}]"}}, {"model": "admin.logentry", "pk": 51, "fields": {"action_time": "2023-09-18T13:32:25.878Z", "user": 2, "content_type": 8, "object_id": "29", "object_repr": "White Forest Cake", "action_flag": 1, "change_message": "[{\"added\": {}}]"}}, {"model": "admin.logentry", "pk": 52, "fields": {"action_time": "2023-09-18T13:34:52.027Z", "user": 2, "content_type": 7, "object_id": "6", "object_repr": "WEDDINGDAY", "action_flag": 2, "change_message": "[{\"changed\": {\"fields\": [\"Description\"]}}]"}}, {"model": "admin.logentry", "pk": 53, "fields": {"action_time": "2023-09-18T13:35:21.704Z", "user": 2, "content_type": 7, "object_id": "5", "object_repr": "BIRTHDAY", "action_flag": 2, "change_message": "[{\"changed\": {\"fields\": [\"Description\"]}}]"}}, {"model": "admin.logentry", "pk": 54, "fields": {"action_time": "2023-09-18T13:36:04.254Z", "user": 2, "content_type": 7, "object_id": "8", "object_repr": "DIWALI", "action_flag": 2, "change_message": "[{\"changed\": {\"fields\": [\"Description\"]}}]"}}, {"model": "admin.logentry", "pk": 55, "fields": {"action_time": "2023-09-18T13:36:25.282Z", "user": 2, "content_type": 7, "object_id": "8", "object_repr": "DIWALI", "action_flag": 2, "change_message": "[{\"changed\": {\"fields\": [\"Description\"]}}]"}}, {"model": "admin.logentry", "pk": 56, "fields": {"action_time": "2023-09-19T04:32:52.257Z", "user": 2, "content_type": 8, "object_id": "30", "object_repr": "Cherry Cup Cake", "action_flag": 1, "change_message": "[{\"added\": {}}]"}}, {"model": "admin.logentry", "pk": 57, "fields": {"action_time": "2023-09-19T04:34:34.750Z", "user": 2, "content_type": 8, "object_id": "31", "object_repr": "Attract Creamy Cake", "action_flag": 1, "change_message": "[{\"added\": {}}]"}}, {"model": "admin.logentry", "pk": 58, "fields": {"action_time": "2023-09-19T04:36:02.875Z", "user": 2, "content_type": 8, "object_id": "32", "object_repr": "Piece Jeera Strawberry Cake", "action_flag": 1, "change_message": "[{\"added\": {}}]"}}, {"model": "admin.logentry", "pk": 59, "fields": {"action_time": "2023-09-19T04:37:03.341Z", "user": 2, "content_type": 8, "object_id": "33", "object_repr": "Piece Cake", "action_flag": 1, "change_message": "[{\"added\": {}}]"}}, {"model": "admin.logentry", "pk": 60, "fields": {"action_time": "2023-09-19T04:38:17.010Z", "user": 2, "content_type": 8, "object_id": "34", "object_repr": "Party Cake", "action_flag": 1, "change_message": "[{\"added\": {}}]"}}, {"model": "admin.logentry", "pk": 61, "fields": {"action_time": "2023-09-19T04:39:20.608Z", "user": 2, "content_type": 8, "object_id": "35", "object_repr": "Honey Cake", "action_flag": 1, "change_message": "[{\"added\": {}}]"}}, {"model": "admin.logentry", "pk": 62, "fields": {"action_time": "2023-09-19T04:40:35.290Z", "user": 2, "content_type": 8, "object_id": "36", "object_repr": "Giant Vanilla Cake", "action_flag": 1, "change_message": "[{\"added\": {}}]"}}, {"model": "admin.logentry", "pk": 63, "fields": {"action_time": "2023-09-19T04:41:51.074Z", "user": 2, "content_type": 8, "object_id": "37", "object_repr": "Vanilla strawberry Cake", "action_flag": 1, "change_message": "[{\"added\": {}}]"}}, {"model": "admin.logentry", "pk": 64, "fields": {"action_time": "2023-09-19T04:43:59.832Z", "user": 2, "content_type": 8, "object_id": "38", "object_repr": "Fruit Cake", "action_flag": 1, "change_message": "[{\"added\": {}}]"}}, {"model": "admin.logentry", "pk": 65, "fields": {"action_time": "2023-09-19T04:46:08.849Z", "user": 2, "content_type": 8, "object_id": "39", "object_repr": "Choco Mango Vanilla Cake", "action_flag": 1, "change_message": "[{\"added\": {}}]"}}, {"model": "admin.logentry", "pk": 66, "fields": {"action_time": "2023-09-19T04:47:17.307Z", "user": 2, "content_type": 8, "object_id": "40", "object_repr": "Christmas Model Cake", "action_flag": 1, "change_message": "[{\"added\": {}}]"}}, {"model": "admin.logentry", "pk": 67, "fields": {"action_time": "2023-09-19T04:49:01.204Z", "user": 2, "content_type": 8, "object_id": "41", "object_repr": "More Combo Cake", "action_flag": 1, "change_message": "[{\"added\": {}}]"}}, {"model": "admin.logentry", "pk": 68, "fields": {"action_time": "2023-09-19T04:50:03.876Z", "user": 2, "content_type": 8, "object_id": "42", "object_repr": "Simple Wedding Cake", "action_flag": 1, "change_message": "[{\"added\": {}}]"}}, {"model": "admin.logentry", "pk": 69, "fields": {"action_time": "2023-09-19T04:51:05.289Z", "user": 2, "content_type": 8, "object_id": "43", "object_repr": "Chocolate Wedding Cake", "action_flag": 1, "change_message": "[{\"added\": {}}]"}}, {"model": "admin.logentry", "pk": 70, "fields": {"action_time": "2023-09-19T04:52:38.231Z", "user": 2, "content_type": 8, "object_id": "44", "object_repr": "Smily Strawberry Cake", "action_flag": 1, "change_message": "[{\"added\": {}}]"}}, {"model": "admin.logentry", "pk": 71, "fields": {"action_time": "2023-09-19T04:54:45.988Z", "user": 2, "content_type": 8, "object_id": "45", "object_repr": "White Forest Biggest Cake", "action_flag": 1, "change_message": "[{\"added\": {}}]"}}, {"model": "admin.logentry", "pk": 72, "fields": {"action_time": "2023-09-19T04:55:38.650Z", "user": 2, "content_type": 8, "object_id": "46", "object_repr": "Plum Cream Cake", "action_flag": 1, "change_message": "[{\"added\": {}}]"}}, {"model": "admin.logentry", "pk": 73, "fields": {"action_time": "2023-09-19T04:57:12.856Z", "user": 2, "content_type": 8, "object_id": "47", "object_repr": "Choco Vanilla Building Cake", "action_flag": 1, "change_message": "[{\"added\": {}}]"}}, {"model": "admin.logentry", "pk": 74, "fields": {"action_time": "2023-09-19T04:58:31.570Z", "user": 2, "content_type": 8, "object_id": "48", "object_repr": "Piece of Vanilla and choco Cake", "action_flag": 1, "change_message": "[{\"added\": {}}]"}}, {"model": "admin.logentry", "pk": 75, "fields": {"action_time": "2023-09-19T04:59:50.964Z", "user": 2, "content_type": 8, "object_id": "49", "object_repr": "Piece Chocolate Cake", "action_flag": 1, "change_message": "[{\"added\": {}}]"}}, {"model": "admin.logentry", "pk": 76, "fields": {"action_time": "2023-09-19T05:04:17.813Z", "user": 2, "content_type": 8, "object_id": "50", "object_repr": "Newyear Christmas Cake", "action_flag": 1, "change_message": "[{\"added\": {}}]"}}, {"model": "admin.logentry", "pk": 77, "fields": {"action_time": "2023-09-19T05:05:29.237Z", "user": 2, "content_type": 8, "object_id": "51", "object_repr": "Rainbow Buliding Cakes", "action_flag": 1, "change_message": "[{\"added\": {}}]"}}, {"model": "admin.logentry", "pk": 78, "fields": {"action_time": "2023-09-19T05:06:52.505Z", "user": 2, "content_type": 8, "object_id": "52", "object_repr": "Vanilla Small Cake", "action_flag": 1, "change_message": "[{\"added\": {}}]"}}, {"model": "admin.logentry", "pk": 79, "fields": {"action_time": "2023-09-19T05:09:17.209Z", "user": 2, "content_type": 8, "object_id": "53", "object_repr": "Professional Anniversary Cake", "action_flag": 1, "change_message": "[{\"added\": {}}]"}}, {"model": "admin.logentry", "pk": 80, "fields": {"action_time": "2023-09-19T05:13:01.389Z", "user": 2, "content_type": 8, "object_id": "54", "object_repr": "Rocket Cake", "action_flag": 1, "change_message": "[{\"added\": {}}]"}}, {"model": "admin.logentry", "pk": 81, "fields": {"action_time": "2023-09-19T05:26:00.681Z", "user": 2, "content_type": 8, "object_id": "55", "object_repr": "Vanilla Big Cake", "action_flag": 1, "change_message": "[{\"added\": {}}]"}}, {"model": "admin.logentry", "pk": 82, "fields": {"action_time": "2023-09-19T05:27:01.210Z", "user": 2, "content_type": 8, "object_id": "56", "object_repr": "Palkova  Vanilla Cake", "action_flag": 1, "change_message": "[{\"added\": {}}]"}}, {"model": "admin.logentry", "pk": 83, "fields": {"action_time": "2023-09-19T05:27:57.524Z", "user": 2, "content_type": 8, "object_id": "57", "object_repr": "Srawberry Candle Model Cake", "action_flag": 1, "change_message": "[{\"added\": {}}]"}}, {"model": "admin.logentry", "pk": 84, "fields": {"action_time": "2023-09-19T05:29:04.287Z", "user": 2, "content_type": 8, "object_id": "58", "object_repr": "Basket Cup Cake", "action_flag": 1, "change_message": "[{\"added\": {}}]"}}, {"model": "admin.logentry", "pk": 85, "fields": {"action_time": "2023-09-19T05:30:02.152Z", "user": 2, "content_type": 8, "object_id": "59", "object_repr": "Rocket Vanilla Cake", "action_flag": 1, "change_message": "[{\"added\": {}}]"}}, {"model": "admin.logentry", "pk": 86, "fields": {"action_time": "2023-09-19T05:32:07.506Z", "user": 2, "content_type": 8, "object_id": "60", "object_repr": "Piece of Fruit Cake", "action_flag": 1, "change_message": "[{\"added\": {}}]"}}, {"model": "admin.logentry", "pk": 87, "fields": {"action_time": "2023-09-19T05:33:35.713Z", "user": 2, "content_type": 8, "object_id": "61", "object_repr": "Role Building Cake", "action_flag": 1, "change_message": "[{\"added\": {}}]"}}, {"model": "admin.logentry", "pk": 88, "fields": {"action_time": "2023-09-19T05:34:30.787Z", "user": 2, "content_type": 8, "object_id": "62", "object_repr": "Strawberry Pie Cake", "action_flag": 1, "change_message": "[{\"added\": {}}]"}}, {"model": "admin.logentry", "pk": 89, "fields": {"action_time": "2023-09-19T05:35:05.415Z", "user": 2, "content_type": 8, "object_id": "63", "object_repr": "Ice Cake", "action_flag": 1, "change_message": "[{\"added\": {}}]"}}, {"model": "admin.logentry", "pk": 90, "fields": {"action_time": "2023-09-19T05:37:39.527Z", "user": 2, "content_type": 10, "object_id": "6", "object_repr": "White Forest Cake", "action_flag": 3, "change_message": ""}}, {"model": "admin.logentry", "pk": 91, "fields": {"action_time": "2023-09-19T05:37:56.888Z", "user": 2, "content_type": 9, "object_id": "11", "object_repr": "Rainbow Buliding Cakes", "action_flag": 3, "change_message": ""}}, {"model": "admin.logentry", "pk": 92, "fields": {"action_time": "2023-09-19T05:37:57.039Z", "user": 2, "content_type": 9, "object_id": "10", "object_repr": "Choco Cup Cake", "action_flag": 3, "change_message": ""}}, {"model": "auth.permission", "pk": 1, "fields": {"name": "Can add log entry", "content_type": 1, "codename": "add_logentry"}}, {"model": "auth.permission", "pk": 2, "fields": {"name": "Can change log entry", "content_type": 1, "codename": "change_logentry"}}, {"model": "auth.permission", "pk": 3, "fields": {"name": "Can delete log entry", "content_type": 1, "codename": "delete_logentry"}}, {"model": "auth.permission", "pk": 4, "fields": {"name": "Can view log entry", "content_type": 1, "codename": "view_logentry"}}, {"model": "auth.permission", "pk": 5, "fields": {"name": "Can add permission", "content_type": 2, "codename": "add_permission"}}, {"model": "auth.permission", "pk": 6, "fields": {"name": "Can change permission", "content_type": 2, "codename": "change_permission"}}, {"model": "auth.permission", "pk": 7, "fields": {"name": "Can delete permission", "content_type": 2, "codename": "delete_permission"}}, {"model": "auth.permission", "pk": 8, "fields": {"name": "Can view permission", "content_type": 2, "codename": "view_permission"}}, {"model": "auth.permission", "pk": 9, "fields": {"name": "Can add group", "content_type": 3, "codename": "add_group"}}, {"model": "auth.permission", "pk": 10, "fields": {"name": "Can change group", "content_type": 3, "codename": "change_group"}}, {"model": "auth.permission", "pk": 11, "fields": {"name": "Can delete group", "content_type": 3, "codename": "delete_group"}}, {"model": "auth.permission", "pk": 12, "fields": {"name": "Can view group", "content_type": 3, "codename": "view_group"}}, {"model": "auth.permission", "pk": 13, "fields": {"name": "Can add user", "content_type": 4, "codename": "add_user"}}, {"model": "auth.permission", "pk": 14, "fields": {"name": "Can change user", "content_type": 4, "codename": "change_user"}}, {"model": "auth.permission", "pk": 15, "fields": {"name": "Can delete user", "content_type": 4, "codename": "delete_user"}}, {"model": "auth.permission", "pk": 16, "fields": {"name": "Can view user", "content_type": 4, "codename": "view_user"}}, {"model": "auth.permission", "pk": 17, "fields": {"name": "Can add content type", "content_type": 5, "codename": "add_contenttype"}}, {"model": "auth.permission", "pk": 18, "fields": {"name": "Can change content type", "content_type": 5, "codename": "change_contenttype"}}, {"model": "auth.permission", "pk": 19, "fields": {"name": "Can delete content type", "content_type": 5, "codename": "delete_contenttype"}}, {"model": "auth.permission", "pk": 20, "fields": {"name": "Can view content type", "content_type": 5, "codename": "view_contenttype"}}, {"model": "auth.permission", "pk": 21, "fields": {"name": "Can add session", "content_type": 6, "codename": "add_session"}}, {"model": "auth.permission", "pk": 22, "fields": {"name": "Can change session", "content_type": 6, "codename": "change_session"}}, {"model": "auth.permission", "pk": 23, "fields": {"name": "Can delete session", "content_type": 6, "codename": "delete_session"}}, {"model": "auth.permission", "pk": 24, "fields": {"name": "Can view session", "content_type": 6, "codename": "view_session"}}, {"model": "auth.permission", "pk": 25, "fields": {"name": "Can add category", "content_type": 7, "codename": "add_category"}}, {"model": "auth.permission", "pk": 26, "fields": {"name": "Can change category", "content_type": 7, "codename": "change_category"}}, {"model": "auth.permission", "pk": 27, "fields": {"name": "Can delete category", "content_type": 7, "codename": "delete_category"}}, {"model": "auth.permission", "pk": 28, "fields": {"name": "Can view category", "content_type": 7, "codename": "view_category"}}, {"model": "auth.permission", "pk": 29, "fields": {"name": "Can add product", "content_type": 8, "codename": "add_product"}}, {"model": "auth.permission", "pk": 30, "fields": {"name": "Can change product", "content_type": 8, "codename": "change_product"}}, {"model": "auth.permission", "pk": 31, "fields": {"name": "Can delete product", "content_type": 8, "codename": "delete_product"}}, {"model": "auth.permission", "pk": 32, "fields": {"name": "Can view product", "content_type": 8, "codename": "view_product"}}, {"model": "auth.permission", "pk": 33, "fields": {"name": "Can add cart", "content_type": 9, "codename": "add_cart"}}, {"model": "auth.permission", "pk": 34, "fields": {"name": "Can change cart", "content_type": 9, "codename": "change_cart"}}, {"model": "auth.permission", "pk": 35, "fields": {"name": "Can delete cart", "content_type": 9, "codename": "delete_cart"}}, {"model": "auth.permission", "pk": 36, "fields": {"name": "Can view cart", "content_type": 9, "codename": "view_cart"}}, {"model": "auth.permission", "pk": 37, "fields": {"name": "Can add favourite", "content_type": 10, "codename": "add_favourite"}}, {"model": "auth.permission", "pk": 38, "fields": {"name": "Can change favourite", "content_type": 10, "codename": "change_favourite"}}, {"model": "auth.permission", "pk": 39, "fields": {"name": "Can delete favourite", "content_type": 10, "codename": "delete_favourite"}}, {"model": "auth.permission", "pk": 40, "fields": {"name": "Can view favourite", "content_type": 10, "codename": "view_favourite"}}, {"model": "auth.user", "pk": 1, "fields": {"password": "pbkdf2_sha256$600000$Ib0k2SGq8ypEIBl0ZBnvqy$GcpciEPS0rxvj9ejJSSg9j1hvF6x85BKo/+O79CcSHo=", "last_login": "2023-09-16T11:32:24.943Z", "is_superuser": true, "username": "shopkart", "first_name": "", "last_name": "", "email": "shopkart@cake.com", "is_staff": true, "is_active": true, "date_joined": "2023-09-12T10:39:30.383Z", "groups": [], "user_permissions": []}}, {"model": "auth.user", "pk": 2, "fields": {"password": "pbkdf2_sha256$600000$xeASnjHDiAy8yVJNTxMG2H$WhVPX5HXPukzzlHEBRKmUONqYJ/5X5FZRa34jGit+dE=", "last_login": "2023-09-18T12:33:45.787Z", "is_superuser": true, "username": "VIJAY", "first_name": "", "last_name": "", "email": "vijay2020@gmail.com", "is_staff": true, "is_active": true, "date_joined": "2023-09-16T10:03:55Z", "groups": [], "user_permissions": []}}, {"model": "auth.user", "pk": 4, "fields": {"password": "pbkdf2_sha256$600000$xeBtpyMAOofTH3NPQu9LS1$Y0zYoOyrshAjBPf7HcRXLMKui9RTjeZWZKEurKaWDJw=", "last_login": null, "is_superuser": false, "username": "VIGNESH", "first_name": "", "last_name": "", "email": "vignesh@gmail.com", "is_staff": false, "is_active": true, "date_joined": "2023-09-16T10:29:17.921Z", "groups": [], "user_permissions": []}}, {"model": "auth.user", "pk": 5, "fields": {"password": "pbkdf2_sha256$600000$e5RrsBl8m37UMfVOey3JuF$7RN1B/8QMAR10oFKCrHEFglDVMrHhcYr3wT12+rrLn4=", "last_login": null, "is_superuser": false, "username": "VINOTH", "first_name": "", "last_name": "", "email": "vinoth@gmail.com", "is_staff": false, "is_active": true, "date_joined": "2023-09-16T11:33:33.281Z", "groups": [], "user_permissions": []}}, {"model": "auth.user", "pk": 6, "fields": {"password": "pbkdf2_sha256$600000$AWjBzCPZWPhSkUlHrg6mgG$Hqfu6t7XmYrqz1pDgLY17QvEVpBKK4KSDkVX5MyPF7A=", "last_login": "2023-09-16T11:36:26.427Z", "is_superuser": false, "username": "HARISH", "first_name": "", "last_name": "", "email": "harish@gmail.com", "is_staff": false, "is_active": true, "date_joined": "2023-09-16T11:35:50.055Z", "groups": [], "user_permissions": []}}, {"model": "auth.user", "pk": 7, "fields": {"password": "pbkdf2_sha256$600000$YmkwKSA4X28J3KdiWKOP9Z$ShqP8hYAXmDRJBv6CCOifuVLyyQyu7R8OiIBQacnnCQ=", "last_login": "2023-09-18T11:49:13.751Z", "is_superuser": false, "username": "Ajay", "first_name": "", "last_name": "", "email": "akakajau@gmail.com", "is_staff": false, "is_active": true, "date_joined": "2023-09-18T11:48:52.907Z", "groups": [], "user_permissions": []}}, {"model": "contenttypes.contenttype", "pk": 1, "fields": {"app_label": "admin", "model": "logentry"}}, {"model": "contenttypes.contenttype", "pk": 2, "fields": {"app_label": "auth", "model": "permission"}}, {"model": "contenttypes.contenttype", "pk": 3, "fields": {"app_label": "auth", "model": "group"}}, {"model": "contenttypes.contenttype", "pk": 4, "fields": {"app_label": "auth", "model": "user"}}, {"model": "contenttypes.contenttype", "pk": 5, "fields": {"app_label": "contenttypes", "model": "contenttype"}}, {"model": "contenttypes.contenttype", "pk": 6, "fields": {"app_label": "sessions", "model": "session"}}, {"model": "contenttypes.contenttype", "pk": 7, "fields": {"app_label": "shop", "model": "category"}}, {"model": "contenttypes.contenttype", "pk": 8, "fields": {"app_label": "shop", "model": "product"}}, {"model": "contenttypes.contenttype", "pk": 9, "fields": {"app_label": "shop", "model": "cart"}}, {"model": "contenttypes.contenttype", "pk": 10, "fields": {"app_label": "shop", "model": "favourite"}}, {"model": "sessions.session", "pk": "sopsnyon2iieuxlcr4rqtkhk3uldrt64", "fields": {"session_data": ".eJxVjDsOAiEUAO9CbQjfB8_S3jOQx0dZNZAsu5Xx7oZkC21nJvNmgfathn2UNSyZnZlip18WKT1LmyI_qN07T71t6xL5TPhhB7_2XF6Xo_0bVBp1bhGtQopgwRuXQYkIaJJy0SWNSRrwSshb9oJKyWAxCY3SagMRSBjLPl-yvTaQ:1qiDRh:Qzdd1p3wEnpckIghCNG-E_0XkAlL4ZtFrL98TCvqMYE", "expire_date": "2023-10-02T12:33:45.909Z"}}, {"model": "sessions.session", "pk": "stihudmnzg3t3n268dc25eb1x7ev0sp2", "fields": {"session_data": ".eJxVjEEOwiAQRe_C2hBgQMCl-56BDMNEqgaS0q6Md9cmXej2v_f-SyTc1pq2wUuai7gIL06_W0Z6cNtBuWO7dUm9rcuc5a7Igw459cLP6-H-HVQc9VszZkcWVM7glEOHYCl4iOYcNFnDloOioIuJAIUCImpvQEEMNmrPWrw_2Nc3Bg:1qiCkb:PAGSBfa-AW6_PzdPdnE9TvknK0Xds5fTMeB85SFU-5M", "expire_date": "2023-10-02T11:49:13.911Z"}}, {"model": "shop.category", "pk": 5, "fields": {"name": "BIRTHDAY", "image": "uploads/2023091818375811.jpg", "description": "A good quality cake will have a soft, velvety texture without weakness.", "status": false, "created_at": "2023-09-18T13:07:58.487Z"}}, {"model": "shop.category", "pk": 6, "fields": {"name": "WEDDINGDAY", "image": "uploads/202309181838502.jpg", "description": "The typical style for a modern white wedding is a decorated white layer cake.", "status": false, "created_at": "2023-09-18T13:08:50.092Z"}}, {"model": "shop.category", "pk": 7, "fields": {"name": "NEWYEAR", "image": "uploads/20230918184144newyear.jpeg", "description": "Dear New Year, Please keep my family, friends, colleagues, and everyone around cheerful.", "status": false, "created_at": "2023-09-18T13:11:44.856Z"}}, {"model": "shop.category", "pk": 8, "fields": {"name": "DIWALI", "image": "uploads/20230918184509diwali.jpg", "description": "Diwali Cake with fresh cream and fondant Diwali toppers. Available in various delicious.", "status": false, "created_at": "2023-09-18T13:15:09.894Z"}}, {"model": "shop.product", "pk": 24, "fields": {"category": 5, "product_name": "Vanilla Cake", "vendor": "VIJAY", "product_image": "uploads/20230918185419b1.jpg", "quantity": 200, "original_price": 200.0, "selling_price": 150.0, "description": "It's actually a reference to vanilla custard. French vanilla cake mimics a custard flavor by including egg yolks in the batter, making it a rich yellow cake.", "status": false, "created_at": "2023-09-18T13:24:19.323Z"}}, {"model": "shop.product", "pk": 25, "fields": {"category": 5, "product_name": "Chocolate Cake", "vendor": "VIJAY", "product_image": "uploads/20230918185517b2.jpg", "quantity": 250, "original_price": 200.0, "selling_price": 180.0, "description": "A chocolate cake is a cake made with chocolate or cocoa. The ingredients are put into a bowl and mixed together; then the mixed ingredients are put into a cake tin and put in an oven until it is fully cooked. Then the cake is taken out of the oven and placed on a cooling stand.", "status": false, "created_at": "2023-09-18T13:25:17.913Z"}}, {"model": "shop.product", "pk": 26, "fields": {"category": 5, "product_name": "Vanilla Building Cake", "vendor": "VIJAY", "product_image": "uploads/20230918185658b3.jpg", "quantity": 150, "original_price": 250.0, "selling_price": 200.0, "description": "When it comes to adding flavor to a classic vanilla cake, citrus fruits are a surprisingly delicious option. Whether you choose to add lemon, lime, or orange zest to the batter or incorporate freshly squeezed juice into the frosting,", "status": false, "created_at": "2023-09-18T13:26:58.833Z"}}, {"model": "shop.product", "pk": 27, "fields": {"category": 5, "product_name": "Vanilla Dress Cake", "vendor": "VIJAY", "product_image": "uploads/20230918185852b4.jpg", "quantity": 80, "original_price": 280.0, "selling_price": 220.0, "description": "Mix flour, sugar, baking powder, vanilla extract, and salt together in a large bowl. Add eggs, milk, and vegetable oil; mix by hand or beat with an electric mixer on low speed until smooth", "status": false, "created_at": "2023-09-18T13:28:52.115Z"}}, {"model": "shop.product", "pk": 28, "fields": {"category": 5, "product_name": "Choco Cup Cake", "vendor": "VIJAY", "product_image": "uploads/20230918190004b5.jpg", "quantity": 300, "original_price": 30.0, "selling_price": 20.0, "description": "Cupcakes are small, tasty snack cakes that are favored for their portability and portion-control.", "status": false, "created_at": "2023-09-18T13:30:04.143Z"}}, {"model": "shop.product", "pk": 29, "fields": {"category": 5, "product_name": "White Forest Cake", "vendor": "VIJAY", "product_image": "uploads/20230918190225d6.jpg", "quantity": 200, "original_price": 180.0, "selling_price": 150.0, "description": "White cake is a simple one, featuring a fine, moist crumb. It is commonly used for weddings, birthdays and other special occasions.", "status": false, "created_at": "2023-09-18T13:32:25.873Z"}}, {"model": "shop.product", "pk": 30, "fields": {"category": 5, "product_name": "Cherry Cup Cake", "vendor": "VIJAY", "product_image": "uploads/20230919100252b7.jpg", "quantity": 100, "original_price": 50.0, "selling_price": 40.0, "description": "Best Quality and Low price with yummy taste", "status": false, "created_at": "2023-09-19T04:32:52.204Z"}}, {"model": "shop.product", "pk": 31, "fields": {"category": 5, "product_name": "Attract Creamy Cake", "vendor": "VIJAY", "product_image": "uploads/20230919100434d8.jpg", "quantity": 200, "original_price": 200.0, "selling_price": 170.0, "description": "This cake see like so beautiful and taste like vanilla and strawberry", "status": false, "created_at": "2023-09-19T04:34:34.726Z"}}, {"model": "shop.product", "pk": 32, "fields": {"category": 5, "product_name": "Piece Jeera Strawberry Cake", "vendor": "VIJAY", "product_image": "uploads/20230919100602d9.jpg", "quantity": 200, "original_price": 400.0, "selling_price": 390.0, "description": "This cake contain with jeera and cherry flavour", "status": false, "created_at": "2023-09-19T04:36:02.872Z"}}, {"model": "shop.product", "pk": 33, "fields": {"category": 5, "product_name": "Piece Cake", "vendor": "VIJAY", "product_image": "uploads/20230919100703b10.jpg", "quantity": 400, "original_price": 50.0, "selling_price": 30.0, "description": "Piece cake with multiple flavour .", "status": false, "created_at": "2023-09-19T04:37:03.312Z"}}, {"model": "shop.product", "pk": 34, "fields": {"category": 6, "product_name": "Party Cake", "vendor": "VIJAY", "product_image": "uploads/20230919100816w1.jpg", "quantity": 100, "original_price": 300.0, "selling_price": 260.0, "description": "Party Cake with also of events", "status": false, "created_at": "2023-09-19T04:38:17.007Z"}}, {"model": "shop.product", "pk": 35, "fields": {"category": 6, "product_name": "Honey Cake", "vendor": "AJAY", "product_image": "uploads/20230919100920w2.jpg", "quantity": 2000, "original_price": 300.0, "selling_price": 250.0, "description": "Piece of Honey cake", "status": false, "created_at": "2023-09-19T04:39:20.602Z"}}, {"model": "shop.product", "pk": 36, "fields": {"category": 6, "product_name": "Giant Vanilla Cake", "vendor": "AJAY", "product_image": "uploads/20230919101035w3.jpg", "quantity": 100, "original_price": 400.0, "selling_price": 180.0, "description": "Giant level vanilla cake is available here.", "status": false, "created_at": "2023-09-19T04:40:35.287Z"}}, {"model": "shop.product", "pk": 37, "fields": {"category": 6, "product_name": "Vanilla strawberry Cake", "vendor": "AJAY", "product_image": "uploads/20230919101151w4.jpg", "quantity": 250, "original_price": 300.0, "selling_price": 280.0, "description": "Vanilla and Strawberry flavour mixed with a cake", "status": false, "created_at": "2023-09-19T04:41:51.071Z"}}, {"model": "shop.product", "pk": 38, "fields": {"category": 6, "product_name": "Fruit Cake", "vendor": "AJAY", "product_image": "uploads/20230919101359w5.jpg", "quantity": 200, "original_price": 500.0, "selling_price": 450.0, "description": "The cake is made by a creamy and fruits", "status": false, "created_at": "2023-09-19T04:43:59.830Z"}}, {"model": "shop.product", "pk": 39, "fields": {"category": 6, "product_name": "Choco Mango Vanilla Cake", "vendor": "AJAY", "product_image": "uploads/20230919101608w6.jpg", "quantity": 250, "original_price": 400.0, "selling_price": 300.0, "description": "This cake contains bottom with choco, center with vanilla, top with mango", "status": false, "created_at": "2023-09-19T04:46:08.835Z"}}, {"model": "shop.product", "pk": 40, "fields": {"category": 6, "product_name": "Christmas Model Cake", "vendor": "AJAY", "product_image": "uploads/20230919101717w7.jpg", "quantity": 250, "original_price": 300.0, "selling_price": 280.0, "description": "Christmas cake based model cake", "status": false, "created_at": "2023-09-19T04:47:17.303Z"}}, {"model": "shop.product", "pk": 41, "fields": {"category": 6, "product_name": "More Combo Cake", "vendor": "AJAY", "product_image": "uploads/20230919101901w8.jpg", "quantity": 400, "original_price": 600.0, "selling_price": 500.0, "description": "This type cake contains more strawberry cream and 4 cakes offer", "status": false, "created_at": "2023-09-19T04:49:01.188Z"}}, {"model": "shop.product", "pk": 42, "fields": {"category": 6, "product_name": "Simple Wedding Cake", "vendor": "AJAY", "product_image": "uploads/20230919102003w9.jpg", "quantity": 400, "original_price": 250.0, "selling_price": 200.0, "description": "1kg Cake 200 only", "status": false, "created_at": "2023-09-19T04:50:03.874Z"}}, {"model": "shop.product", "pk": 43, "fields": {"category": 6, "product_name": "Chocolate Wedding Cake", "vendor": "AJAY", "product_image": "uploads/20230919102105w10.jpg", "quantity": 300, "original_price": 200.0, "selling_price": 180.0, "description": "Chocolate cake for your anniversary", "status": false, "created_at": "2023-09-19T04:51:05.287Z"}}, {"model": "shop.product", "pk": 44, "fields": {"category": 7, "product_name": "Smily Strawberry Cake", "vendor": "VIGNESH", "product_image": "uploads/20230919102238n1.jpg", "quantity": 200, "original_price": 400.0, "selling_price": 380.0, "description": "Smily Strawberry Cake available here", "status": false, "created_at": "2023-09-19T04:52:38.213Z"}}, {"model": "shop.product", "pk": 45, "fields": {"category": 7, "product_name": "White Forest Biggest Cake", "vendor": "VIGNESH", "product_image": "uploads/20230919102445n2.jpg", "quantity": 100, "original_price": 400.0, "selling_price": 350.0, "description": "This cake contain with setup of background in your function", "status": false, "created_at": "2023-09-19T04:54:45.965Z"}}, {"model": "shop.product", "pk": 46, "fields": {"category": 7, "product_name": "Plum Cream Cake", "vendor": "VIGNESH", "product_image": "uploads/20230919102538n3.jpg", "quantity": 200, "original_price": 50.0, "selling_price": 30.0, "description": "Plum Cake is available at low cost", "status": false, "created_at": "2023-09-19T04:55:38.644Z"}}, {"model": "shop.product", "pk": 47, "fields": {"category": 7, "product_name": "Choco Vanilla Building Cake", "vendor": "VIGNESH", "product_image": "uploads/20230919102712n4.jpg", "quantity": 300, "original_price": 400.0, "selling_price": 380.0, "description": "Chocolate and vanilla with cherry Cake with sweetness overloaded", "status": false, "created_at": "2023-09-19T04:57:12.853Z"}}, {"model": "shop.product", "pk": 48, "fields": {"category": 7, "product_name": "Piece of Vanilla and choco Cake", "vendor": "VIGNESH", "product_image": "uploads/20230919102831n5.jpg", "quantity": 400, "original_price": 120.0, "selling_price": 100.0, "description": "Piece of Vanilla and choco Cake is available", "status": false, "created_at": "2023-09-19T04:58:31.567Z"}}, {"model": "shop.product", "pk": 49, "fields": {"category": 7, "product_name": "Piece Chocolate Cake", "vendor": "VIGNESH", "product_image": "uploads/20230919102950n6.jpg", "quantity": 450, "original_price": 50.0, "selling_price": 40.0, "description": "Choco Creamy piece cake available", "status": false, "created_at": "2023-09-19T04:59:50.961Z"}}, {"model": "shop.product", "pk": 50, "fields": {"category": 7, "product_name": "Newyear Christmas Cake", "vendor": "VIGNESH", "product_image": "uploads/20230919103417n7.jpg", "quantity": 300, "original_price": 270.0, "selling_price": 250.0, "description": "Christmas cake based to made a newyear cake", "status": false, "created_at": "2023-09-19T05:04:17.811Z"}}, {"model": "shop.product", "pk": 51, "fields": {"category": 7, "product_name": "Rainbow Buliding Cakes", "vendor": "VIGNESH", "product_image": "uploads/20230919103529n8.jpg", "quantity": 300, "original_price": 500.0, "selling_price": 400.0, "description": "All rainbow color cream is here in cake", "status": false, "created_at": "2023-09-19T05:05:29.224Z"}}, {"model": "shop.product", "pk": 52, "fields": {"category": 7, "product_name": "Vanilla Small Cake", "vendor": "VIGNESH", "product_image": "uploads/20230919103652n9.jpg", "quantity": 300, "original_price": 100.0, "selling_price": 80.0, "description": "Small size Vanilla cake", "status": false, "created_at": "2023-09-19T05:06:52.502Z"}}, {"model": "shop.product", "pk": 53, "fields": {"category": 7, "product_name": "Professional Anniversary Cake", "vendor": "VIGNESH", "product_image": "uploads/20230919103917n10.jpg", "quantity": 370, "original_price": 300.0, "selling_price": 280.0, "description": "Professional Anniversary Choco cake available", "status": false, "created_at": "2023-09-19T05:09:17.206Z"}}, {"model": "shop.product", "pk": 54, "fields": {"category": 8, "product_name": "Rocket Cake", "vendor": "VIJAY", "product_image": "uploads/20230919104301d1.jpg", "quantity": 400, "original_price": 380.0, "selling_price": 350.0, "description": "Rocket Strawberry Cake is available", "status": false, "created_at": "2023-09-19T05:13:01.386Z"}}, {"model": "shop.product", "pk": 55, "fields": {"category": 8, "product_name": "Vanilla Big Cake", "vendor": "AJAY", "product_image": "uploads/20230919105600d2.jpg", "quantity": 200, "original_price": 400.0, "selling_price": 380.0, "description": "Vanilla Big Cake for diwali", "status": false, "created_at": "2023-09-19T05:26:00.679Z"}}, {"model": "shop.product", "pk": 56, "fields": {"category": 8, "product_name": "Palkova  Vanilla Cake", "vendor": "VIGNESH", "product_image": "uploads/20230919105701d3.jpg", "quantity": 400, "original_price": 200.0, "selling_price": 150.0, "description": "Good Price and Good quality of cake with palkova taste", "status": false, "created_at": "2023-09-19T05:27:01.207Z"}}, {"model": "shop.product", "pk": 57, "fields": {"category": 8, "product_name": "Srawberry Candle Model Cake", "vendor": "VIJAY", "product_image": "uploads/20230919105757d4.jpg", "quantity": 200, "original_price": 460.0, "selling_price": 400.0, "description": "Different Types of Cake here", "status": false, "created_at": "2023-09-19T05:27:57.521Z"}}, {"model": "shop.product", "pk": 58, "fields": {"category": 8, "product_name": "Basket Cup Cake", "vendor": "AJAY", "product_image": "uploads/20230919105904d5.jpg", "quantity": 400, "original_price": 360.0, "selling_price": 300.0, "description": "Basket size mini Cup cake with creamy", "status": false, "created_at": "2023-09-19T05:29:04.265Z"}}, {"model": "shop.product", "pk": 59, "fields": {"category": 8, "product_name": "Rocket Vanilla Cake", "vendor": "VIGNESH", "product_image": "uploads/20230919110002d6.jpg", "quantity": 350, "original_price": 400.0, "selling_price": 390.0, "description": "Rocket Vanilla Cake is here", "status": false, "created_at": "2023-09-19T05:30:02.149Z"}}, {"model": "shop.product", "pk": 60, "fields": {"category": 8, "product_name": "Piece of Fruit Cake", "vendor": "VIJAY", "product_image": "uploads/20230919110207d7.jpg", "quantity": 500, "original_price": 200.0, "selling_price": 150.0, "description": "This cake contains fruits and creamy of strawberry with respary", "status": false, "created_at": "2023-09-19T05:32:07.503Z"}}, {"model": "shop.product", "pk": 61, "fields": {"category": 8, "product_name": "Role Building Cake", "vendor": "AJAY", "product_image": "uploads/20230919110335d8.jpg", "quantity": 300, "original_price": 260.0, "selling_price": 200.0, "description": "Role Building Cake with what you want to color.", "status": false, "created_at": "2023-09-19T05:33:35.711Z"}}, {"model": "shop.product", "pk": 62, "fields": {"category": 8, "product_name": "Strawberry Pie Cake", "vendor": "VIGNESH", "product_image": "uploads/20230919110430d9.jpg", "quantity": 400, "original_price": 380.0, "selling_price": 300.0, "description": "Strawberry Pie Cake with inside a chocolate", "status": false, "created_at": "2023-09-19T05:34:30.784Z"}}, {"model": "shop.product", "pk": 63, "fields": {"category": 8, "product_name": "Ice Cake", "vendor": "VIJAY", "product_image": "uploads/20230919110505d10.jpg", "quantity": 400, "original_price": 120.0, "selling_price": 100.0, "description": "Cheap and Best cake here", "status": false, "created_at": "2023-09-19T05:35:05.398Z"}}, {"model": "shop.cart", "pk": 12, "fields": {"user": 2, "product": 46, "product_qnty": 4, "created_at": "2023-09-19T05:38:49.686Z"}}, {"model": "shop.favourite", "pk": 7, "fields": {"user": 2, "product": 46, "created_at": "2023-09-19T05:40:18.713Z"}}]